Col_0,Col_1,Col_2,Col_3,Col_4,Col_5,Col_6,Col_7,Col_8,Col_9,Col_10,Col_11,Col_12,Col_13,Col_14
3532,45,14-08-24,19.3,Vaqll,BOSEPHUS,TANK,120,,,,,,,
3533,77,16-08-24,19.2,Tern,KING,ROYA,HARDY,120,,,,,,
3539,35,22-08-24,19.0,Vaqll,DIFFERENC,HARDY,90,,,,,,,
3543,35,27-08-24,18.8,Vaqll,YODER,SEX,HARDY,100,,,,,,
3544,35,30-08-24,18.7,Vaqll,MONTROSS,HARDY,90,,,,,,,
3545,35,1-09-24,18.7,Vaqll,MAGELLAN,HARDY,SEX,120,,,,,,
3547,35,3-09-24,18.6,Vaqll,ALL,STAR,HARDY,SEX,120,,,,,
3549,35,17-09-24,18.1,Tern,HANCOCK,CAPTIVATI,0,,,,,,,
3550,35,21-09-24,18.0,Tern,BARNABAS,ENSIGN,SE,0,,,,,,
3551,35,29-09-24,17.7,Tern,HANANS,SE,REVOLUTIO,100,,,,,,
3552,35,1-10-24,17.7,Tern,ALL,STAR,REVOLUTIO,110,,,,,,
3553,35,2-10-24,17.6,Tern,REMINGTON,LUCKY,SEV,100,,,,,,
3554,35,3-10-24,17.6,Tern,ALL,STAR,REVOLUTIO,120,,,,,,
3556,35,9-10-24,17.4,Tern,FURY,REVOLUTIO,120,,,,,,,
3558,35,11-10-24,17.3,Tern,HUMBLENKI,LUCKY,SEV,120,,,,,,
3557,35,11-10-24,17.3,Tern,ALPHABET,REVOLUTIO,110,,,,,,,
3559,35,16-10-24,17.2,Tern,ALL,STAR,REVOLUTIO,120,,,,,,
3560,35,21-10-24,17.0,Tern,AL´HABET,CAPTIVATI,90,,,,,,,
3561,77,22-10-24,17.0,Tern,ALPHABET,REVOLUTIO,120,,,,,,,
3562,35,24-10-24,16.9,Tern,ALPHABET,REVOLUTIO,120,,,,,,,
3563,35,26-10-24,16.9,Tern,KENOSHA,CAPTIVATI,110,,,,,,,
3564,35,29-10-24,16.8,Tern,ALPHABET,REVOLUTIO,100,,,,,,,
3565,35,30-10-24,16.7,Tern,ALPHABET,REVOLUTIO,120,,,,,,,
3566,35,31-10-24,16.7,Tern,KING,ROYA,IZREAL,100,,,,,,
3567,35,3-11-24,16.6,Tern,ALL,STAR,REVOLUTIO,120,,,,,,
3568,35,17-11-24,16.1,Tern,MAGELLAN,REVOLUTIO,0,,,,,,,
3569,35,2-12-24,15.6,Tern,HANANS,SE,REVOLUTIO,100,,,,,,
3570,35,5-12-24,15.5,Tern,EXPECTANT,REVOLUTIO,80,,,,,,,
3571,35,6-12-24,15.5,Tern,REVELATIO,REVOLUTIO,85,,,,,,,
93413,21,7-12-24,15.5,Tern,KINGBOY,S,MELLENCAM,95,,,,,,
3572,35,9-12-24,15.4,Tern,EXPECTANT,REVOLUTIO,90,,,,,,,
3573,35,10-12-24,15.4,Tern,ALPHABET,FIGARO,100,,,,,,,
3574,23,18-12-24,15.1,Tern,REVELATIO,MOUNTAINE,110,,,,,,,
3575,23,18-12-24,15.1,Tern,ALPHABET,MOUNTAINE,100,,,,,,,
3576,23,21-12-24,15.0,Tern,EXPECTANT,MOUNTAINE,100,,,,,,,
3577,23,21-12-24,15.0,Tern,ALPHABET,MOUNTAINE,100,,,,,,,
3578,23,21-12-24,15.0,Tern,ZZ,TOP,MOUNTAINE,10,,,,,,
19%,17.0,95,,,,,,,,,,,,
3513,45,20.3,UNDENIED,LUCKY,SEV,17-09-25,187,SHEEPSTER,2,***,,,,
3521,45,19.8,FURY,RAGER-RED,23-09-25,181,SHEEPSTER,1,***,,,,,
3523,45,19.7,MCCUTCHEN,CAPTIVATI,16-09-25,188,SHEEPSTER,2,***,,,,,
3524,45,19.6,ALL,STAR,HARDY,SEX,28-08-25,207,BARKEEP,SE,1,0,,
3526,45,19.6,ALPHABET,HARDY,8-09-25,196,BARKEEP,SE,1,***,,,,
3527,45,19.5,ALPHABET,HARDY,SEX,4-09-25,200,SHEEPSTER,1,***,,,,
3528,45,19.5,UNDENIED,INFERNO,6-09-25,198,SHEEPSTER,1,***,,,,,
3530,45,19.4,ALPHABET,HARDY,SEX,27-08-25,208,BARKEEP,SE,1,-1,,,
3534,45,19.2,HANCOCK,HARDY,11-09-25,193,BARKEEP,SE,1,***,,,,
3535,45,19.2,CAPITAL,HARDY,1-09-25,203,BARKEEP,SE,1,***,,,,
3536,45,19.1,ALPHABET,HARDY,SEX,3-09-25,201,BARKEEP,SE,1,***,,,
3538,45,19.0,ZZ,TOP,HARDY,SEX,8-09-25,196,BARKEEP,SE,1,***,,
3541,45,19.0,ALPHABET,HARDY,SEX,14-09-25,190,SHEEPSTER,1,***,,,,
3542,45,19.0,HANANS,SE,HARDY,SEX,13-09-25,191,SHEEPSTER,1,***,,,
3548,45,18.6,AZOR,SEX,LUCKY,SEV,21-09-25,183,BARKEEP,SE,1,***,,
45,19.4,195,1,,,,,,,,,,,
3477,55,22.0,AIRJET,RENEGADE,7-09-25,197,INFERNO,4,***,,,,,
3490,55,21.2,FURY,DMAC,SEX,23-09-25,181,INFERNO,5,***,,,,
3492,55,21.1,FURY,DMAC,SEX,22-09-25,182,SHEEPSTER,2,***,,,,
3497,55,20.9,YODER,SEX,LEGENDAIR,11-09-25,193,SHEEPSTER,2,***,,,,
3501,55,20.8,VALENTINO,CHROME,SE,5-09-25,199,JX,THRASHE,2,***,,,
3503,55,20.8,ALPHABET,DMAC,SEX,30-08-25,205,TENTASTIC,3,***,,,,
3507,55,20.7,ZZ,TOP,DMAC,SEX,15-09-25,189,BARKEEP,SE,2,***,,
3511,55,20.7,HANCOCK,LEGENDAIR,24-08-25,211,BARKEEP,SE,1,-4,,,,
3512,55,20.3,ALPHABET,DMAC,SEX,17-09-25,187,BARKEEP,SE,2,***,,,
3515,55,20.3,EXCLUSIVE,INFERNO,16-09-25,188,BARKEEP,SE,2,***,,,,
3517,55,20.0,DRAGONHEA,HARDY,24-08-25,211,SHEEPSTER,1,-4,,,,,
3520,55,19.8,ZZ,TOP,HARDY,SEX,11-09-25,193,SHEEPSTER,2,***,,,
3522,55,19.7,ROCKETFIR,INFERNO,15-09-25,189,SHEEPSTER,2,***,,,,,
55,20.6,194,2,,,,,,,,,,,
3484,77,21.6,REVELATIO,LEGENDAIR,1-09-25,203,SHEEPSTER,1,***,,,,,
77,21.6,REVELATIO,LEGENDAIR,1-09-25,203,SHEEPSTER,1,,,,,,,
83%,20.0,195,2,,,,,,,,,,,
3420,7,27.5,Preñ,CAPONE,SEX,26-12-24,PACE,SEX,1,11-02-25,S,1-10-25-173,22.1,
3422,7,27.3,Preñ,RAGER-RED,6-01-25,ACETYLENE,1,11-02-25,S,12-10-25-162,22.3,,,
3431,7,26.6,Preñ,HECKER,SEX,20-01-25,PACE,SEX,1,25-02-25,S,26-10-25-148,22.1,
3406,26,29.7,Preñ,DIAMONDBAC,3-03-25,TENTASTIC,4,8-04-25,S,7-12-25-106,26.6,,,
3416,26,27.7,Preñ,CAPONE,SEX,16-03-25,PARFECT,SE,3,22-04-25,S,20-12-25,-93,25.0
3417,26,27.6,Preñ,CAPONE,SEX,10-03-25,PACE,SEX,1,22-04-25,S,14-12-25,-99,24.7
3418,26,27.6,Preñ,RAGER-RED,3-03-25,PACE,SEX,1,8-04-25,S,7-12-25-106,24.4,,
3421,26,27.4,Preñ,SPARK,17-03-25,PACE,SEX,2,22-04-25,S,21-12-25,-92,24.8,
3423,26,27.1,Preñ,RAGER-RED,30-03-25,TENTASTIC,3,6-05-25,S,3-01-26,-79,24.9,,
3426,26,27.0,Preñ,PARFECT,SE,24-01-25,PACE,SEX,1,11-03-25,S,30-10-25-144,22.6,
3427,26,26.9,Preñ,RAGER-RED,17-03-25,PARFECT,SE,2,22-04-25,S,21-12-25,-92,24.3,
3430,26,26.7,Preñ,HECKER,SEX,14-03-25,PACE,SEX,1,22-04-25,S,18-12-25,-95,23.9
3432,26,26.6,Preñ,HECKER,SEX,12-02-25,PARFECT,SE,2,25-03-25,S,18-11-25-125,22.8,
3434,26,26.4,Preñ,HECKER,SEX,26-01-25,PACE,SEX,1,11-03-25,S,1-11-25-142,22.0,
3435,26,26.3,Preñ,HECKER,SEX,6-04-25,PACE,SEX,1,20-05-25,S,10-01-26,-72,24.3
3437,26,25.9,Preñ,HECKER,SEX,11-03-25,PACE,SEX,1,22-04-25,S,15-12-25,-98,23.0
3438,26,25.8,Preñ,PARFECT,8-03-25,PACE,SEX,1,22-04-25,S,12-12-25-101,22.8,,
3441,26,25.3,Preñ,HECKER,SEX,6-03-25,PACE,SEX,1,22-04-25,S,10-12-25-103,22.3,
3442,26,25.3,Preñ,BANJO-P,18-04-25,TENTASTIC,2,3-06-25,S,22-01-26,-60,23.7,,
3444,26,24.9,Preñ,HECKER,SEX,21-03-25,PACE,SEX,1,6-05-25,S,25-12-25,-88,22.3
3447,26,24.6,Preñ,RENEGADE,31-03-25,PACE,SEX,1,6-05-25,S,4-01-26,-78,22.4,
3439,36,25.6,Preñ,HECKER,SEX,18-05-25,TENTASTIC,3,1-07-25,S,21-02-26,-30,24.9,
3448,36,24.4,Preñ,HECKER,SEX,12-05-25,PACE,SEX,2,17-06-25,S,15-02-26,-36,23.6
3452,36,24.1,Preñ,HECKER,SEX,20-04-25,PACE,SEX,1,3-06-25,S,24-01-26,-58,22.5
3454,36,23.9,Preñ,HECKER,SEX,13-05-25,PACE,SEX,1,17-06-25,S,16-02-26,-35,23.1
3455,36,23.9,Preñ,HECKER,SEX,19-05-25,PACE,SEX,1,1-07-25,S,22-02-26,-29,23.3
3456,36,23.8,Preñ,ENSIGN,SEX,18-04-25,VALENTINO,1,3-06-25,S,22-01-26,-60,22.2,
3458,36,23.7,Preñ,HECKER,SEX,18-04-25,TENTASTIC,1,3-06-25,S,22-01-26,-60,22.1,
3459,36,23.6,Preñ,POLICE,1-05-25,PARFECT,SE,1,17-06-25,S,4-02-26,-47,22.4,
3460,36,23.6,Preñ,HECKER,SEX,3-05-25,PACE,SEX,1,17-06-25,S,6-02-26,-45,22.4
3462,36,23.4,Preñ,HECKER,SEX,13-05-25,PACE,SEX,2,17-06-25,S,16-02-26,-35,22.6
3464,36,23.3,Preñ,ZZ,TOP,2-05-25,PACE,SEX,1,17-06-25,S,5-02-26,-46,22.1
3465,36,23.2,Preñ,RENEGADE,S,2-05-25,PACE,SEX,1,17-06-25,S,5-02-26,-46,22.0
3466,36,23.2,Preñ,RENEGADE,12-05-25,PACE,SEX,1,17-06-25,S,15-02-26,-36,22.4,
3467,36,23.2,Preñ,HECKER,SEX,18-05-25,PACE,SEX,1,1-07-25,S,21-02-26,-30,22.5
3468,36,23.2,Preñ,RENEGADE,S,24-05-25,TENTASTIC,1,1-07-25,S,27-02-26,-24,22.7,
3469,36,23.1,Preñ,HECKER,SEX,21-05-25,TENTASTIC,1,1-07-25,S,24-02-26,-27,22.6,
3450,46,24.2,Preñ,POLICE,8-06-25,HECKER,4,15-07-25,S,14-03-26,-9,24.3,,
3453,46,24.0,Preñ,LEDYARD,23-06-25,TENTASTIC,2,29-07-25,S,29-03-26,6,24.6,,
3457,46,23.8,Preñ,HECKER,SEX,28-06-25,TENTASTIC,2,12-08-25,S,3-04-26,11,24.5,
3463,46,23.3,Preñ,POLICE,2-06-25,PARFECT,SE,2,15-07-25,S,8-03-26,-15,23.1,
3471,46,22.9,Preñ,WARRIOR-RE,7-07-25,TENTASTIC,2,12-08-25,S,12-04-26,20,23.9,,
3473,46,22.6,Preñ,RENEGADE,S,3-06-25,TENTASTIC,1,15-07-25,S,9-03-26,-14,22.5,
3474,46,22.5,Preñ,LEDYARD,7-06-25,PARFECT,SE,1,15-07-25,S,13-03-26,-10,22.5,
3476,46,22.1,Preñ,WARRIOR-RE,20-06-25,PARFECT,SE,1,29-07-25,S,26-03-26,3,22.5,
3479,46,21.9,Preñ,LUCKY,SEVE,26-06-25,EIFEL,SEX,1,12-08-25,S,1-04-26,9,22.5
3481,46,21.7,Preñ,LUCKY,SEVE,1-07-25,EIFEL,SEX,1,12-08-25,S,6-04-26,14,22.5
3482,46,21.7,Preñ,LUCKY,SEVE,9-07-25,EIFEL,SEX,2,12-08-25,S,14-04-26,22,22.8
3483,46,21.6,Preñ,RENEGADE,S,26-06-25,TENTASTIC,1,12-08-25,S,1-04-26,9,22.2,
3486,46,21.5,Preñ,RENEGADE,S,7-07-25,EIFEL,SEX,1,12-08-25,S,12-04-26,20,22.5
3488,46,21.5,Preñ,RENEGADE,S,13-07-25,EIFEL,SEX,1,26-08-25,S,18-04-26,26,22.6
3489,46,21.4,Preñ,LUCKY,SEVE,7-07-25,EIFEL,SEX,1,12-08-25,S,12-04-26,20,22.3
3494,46,21.0,Preñ,LUCKY,SEVE,9-07-25,EIFEL,SEX,1,12-08-25,S,14-04-26,22,22.1
3506,55,20.7,Preñ,DMAC,SEX,20-08-25,BARKEEP,SE,2,23-09-25,S,26-05-26,64,23.1
3508,55,20.7,Preñ,DMAC,SEX,20-08-25,BARKEEP,SE,2,23-09-25,S,26-05-26,64,23.1
3516,55,20.2,Preñ,RAGER-RED,20-08-25,SHEEPSTER,1,23-09-25,S,26-05-26,64,22.6,,
3472,56,22.8,Preñ,WARRIOR-RE,31-07-25,TENTASTIC,3,9-09-25,S,6-05-26,44,24.6,,
3485,56,21.6,Preñ,LEGENDAIRY,19-07-25,EIFEL,SEX,1,26-08-25,S,24-04-26,32,22.9,
3491,56,21.2,Preñ,DMAC,SEX,20-07-25,EIFEL,SEX,1,26-08-25,S,25-04-26,33,22.6
3493,56,21.1,Preñ,LEGENDAIRY,19-07-25,EIFEL,SEX,1,26-08-25,S,24-04-26,32,22.4,
3495,56,20.9,Preñ,LEGENDAIRY,16-07-25,EIFEL,SEX,1,26-08-25,S,21-04-26,29,22.2,
3496,56,20.9,Preñ,LEGENDAIRY,26-07-25,TENTASTIC,1,9-09-25,S,1-05-26,39,22.5,,
3498,56,20.9,Preñ,DMAC,SEX,20-08-25,BARKEEP,SE,2,23-09-25,S,26-05-26,64,23.3
3499,56,20.9,Preñ,RAGER-RED,13-07-25,EIFEL,SEX,1,26-08-25,S,18-04-26,26,22.0,
3500,56,20.8,Preñ,LUCKY,SEVE,26-07-25,TENTASTIC,1,9-09-25,S,1-05-26,39,22.4,
3502,56,20.8,Preñ,LEGENDAIRY,17-07-25,EIFEL,SEX,1,26-08-25,S,22-04-26,30,22.1,
3505,56,20.7,Preñ,WARRIOR-RE,30-07-25,TENTASTIC,1,9-09-25,S,5-05-26,43,22.4,,
3509,56,20.7,Preñ,LUCKY,SEVE,24-07-25,EIFEL,SEX,1,9-09-25,S,29-04-26,37,22.2
3510,56,20.7,Preñ,RAGER-RED,1-08-25,TENTASTIC,1,9-09-25,S,7-05-26,45,22.5,,
3514,56,20.3,Preñ,DMAC,SEX,30-07-25,TENTASTIC,1,9-09-25,S,5-05-26,43,22.0,
3518,56,20.0,Preñ,HARDY,16-08-25,BARKEEP,SE,1,23-09-25,S,22-05-26,60,22.3,
3519,56,19.8,Preñ,HARDY,SEX,18-08-25,BARKEEP,SE,1,23-09-25,S,24-05-26,62,22.2
3445,77,24.9,Preñ,ZZ,TOP,31-07-25,TENTASTIC,3,9-09-25,S,6-05-26,44,26.7,
3478,77,21.9,Preñ,LEGENDAIRY,24-06-25,PARFECT,SE,1,29-07-25,S,30-03-26,7,22.5,
93%,23.5,Preñ,1,1,-25,23.0,,,,,,,,
